"Guid","PDRI__Category__c","PDRI__Deployment_Data_Set_Result__c","PDRI__Error_Code__c","PDRI__Error_Key__c","PDRI__Level__c","PDRI__Message__c","PDRI__Source_Error__c","PDRI__Subject__c"
0557c9c7-dbe1-4e54-93b6-b26c221240af,Creation,"#N/A","#N/A","#N/A",Info,Processing insert of 33 record(s) for 'Account Seeding Data Set 1' (account).,"#N/A",Processing Record Insertion
05d22c0f-adda-4305-9988-ff01d73daeb1,Request Handler,"#N/A","#N/A","#N/A",Info,Querying and parsing data set 'Account Seeding Data Set 1' and confirming the governor limits of the deployment.,"#N/A",Parsing Data Set
065053e7-1798-4d5d-b813-18dadb330ef0,Request Handler,"#N/A","#N/A","#N/A",Info,Receiving a deployment request for data set 'Account Seeding Data Set 1'.,"#N/A",Receiving Data Set Deployment Request
0aa05384-3a88-4576-84c6-697fa17bb5e3,Request Handler,"#N/A","#N/A","#N/A",Info,Receiving a deployment request for data set 'Account Seeding Data Set 1'.,"#N/A",Receiving Data Set Deployment Request
1d796a7b-e3c8-45a2-b90f-6b7990017ec5,Query,"#N/A","#N/A","#N/A",Info,Querying records from 'Account Seeding Data Set 1' (account) in the source org with no query filter and no record limit.,"#N/A",Querying Root Records
229d229f-1740-4fd7-af64-430cbc0e9a18,Setup,"#N/A","#N/A","#N/A",Info,Retrieving and processing the source and destination org schemas for 'Account Seeding Data Set 1'.,"#N/A",Processing Schemas
24403651-6bb7-4de8-930e-17879528a5eb,Request Handler,"#N/A","#N/A","#N/A",Info,Starting data set 'Account Seeding Data Set 1' deployment processing.,"#N/A",Starting Data Set Deployment
25c7bb1d-b795-4da9-898a-ba001ed4a068,Relationship Traversal,"#N/A","#N/A","#N/A",Info,Processing element for 'Contact' (contact).,"#N/A",Processing Data Set Element
285c7035-b55b-4ce5-9089-e3e7f5836710,Creation,"#N/A","#N/A","#N/A",Info,Processing insert of 7 record(s) for 'Contact' (contact).,"#N/A",Processing Record Insertion
398904b1-8121-4a46-8af4-81168e6e0112,Request Handler,"#N/A","#N/A","#N/A",Info,Receiving a deployment request for data set 'Account Seeding Data Set 1'.,"#N/A",Receiving Data Set Deployment Request
3e6aace2-b3fe-4c5e-a2d0-5551d44c38b6,Request Handler,"#N/A","#N/A","#N/A",Info,Querying and parsing data set 'Account Seeding Data Set 1' and confirming the governor limits of the deployment.,"#N/A",Parsing Data Set
3e764bfd-9734-47f1-bce1-28591a417e20,Query,"#N/A","#N/A","#N/A",Info,Querying records from 'Account Seeding Data Set 1' (account) in the source org with a query filter 'name != 'John Malakas'' and a record limit of 100.,"#N/A",Querying Root Records
45f7e915-52c7-4b2b-b130-4d3cda18a403,Request Handler,"#N/A","#N/A","#N/A",Info,Queuing a deployment request for data set 'Account Seeding Data Set 1' for processing.,"#N/A",Queueing Data Set Deployment Request
5227ec2f-ef7e-46b7-8cfe-b8975a7a2247,Request Handler,"#N/A","#N/A","#N/A",Info,Deployment of the 'Account Seeding Data Set 1' data set is complete.,"#N/A",Data Set Deployment Complete
542b3cd9-f76d-4467-bbfa-e56f646338b1,Creation,"#N/A","#N/A","#N/A",Info,Processing insert of 33 record(s) for 'Account Seeding Data Set 1' (account).,"#N/A",Processing Record Insertion
55d27978-fb42-431a-9966-25d166b4446d,Setup,"#N/A","#N/A","#N/A",Info,Retrieving and processing the source and destination org schemas for 'Account Seeding Data Set 1'.,"#N/A",Processing Schemas
5841c75b-1933-4b56-889b-ce4ab789593a,Request Handler,"#N/A","#N/A","#N/A",Info,Querying and parsing the custom settings from the control org.,"#N/A",Parsing Custom Settings
5e98aadb-45b6-4c74-998e-b133822dbb7f,Request Handler,"#N/A","#N/A","#N/A",Info,Querying and parsing data set 'Account Seeding Data Set 1' and confirming the governor limits of the deployment.,"#N/A",Parsing Data Set
61780bf1-033a-420c-8fbb-aec703072641,Request Handler,"#N/A","#N/A","#N/A",Info,Querying and parsing the custom settings from the control org.,"#N/A",Parsing Custom Settings
6346bc80-6a3b-4cf2-88c8-a5fd31e6a4a3,Request Handler,"#N/A","#N/A","#N/A",Info,Deployment of the 'Account Seeding Data Set 1' data set is complete.,"#N/A",Data Set Deployment Complete
64b60a92-83e1-4eb2-a371-79bd35e35564,Relationship Traversal,"#N/A","#N/A","#N/A",Info,Processing element for 'Account Seeding Data Set 1' (account).,"#N/A",Processing Data Set Element
65c55a72-16cb-4fa4-a45a-19a6589c402b,Relationship Traversal,"#N/A","#N/A","#N/A",Info,Processing element for 'Account Seeding Data Set 1' (account).,"#N/A",Processing Data Set Element
66bf59aa-1891-41eb-868c-14466513194f,Request Handler,"#N/A","#N/A","#N/A",Info,Querying and parsing the custom settings from the control org.,"#N/A",Parsing Custom Settings
6828f61b-6d7f-4483-88d3-0aa18a9864ed,Setup,"#N/A","#N/A","#N/A",Info,Retrieving and processing the source and destination org schemas for 'Account Seeding Data Set 1'.,"#N/A",Processing Schemas
7a7029d5-fd6d-49eb-b4c4-cce139a7955c,Request Handler,"#N/A","#N/A","#N/A",Info,Queuing a deployment request for data set 'Account Seeding Data Set 1' for processing.,"#N/A",Queueing Data Set Deployment Request
88cd8010-9b82-42b1-b9e9-e95106644a2e,Query,"#N/A","#N/A","#N/A",Info,Querying records from 'Account Seeding Data Set 1' (account) in the source org with a query filter 'name != 'John Malakas'' and a record limit of 100.,"#N/A",Querying Root Records
9a161c3c-7c43-4dbc-b8d3-f2d987220b48,Request Handler,"#N/A","#N/A","#N/A",Info,Queuing a deployment request for data set 'Account Seeding Data Set 1' for processing.,"#N/A",Queueing Data Set Deployment Request
a2e490f4-d6b4-41e2-b8b2-42e9ccbc5490,Request Handler,"#N/A","#N/A","#N/A",Info,Starting data set 'Account Seeding Data Set 1' deployment processing.,"#N/A",Starting Data Set Deployment
a33cd04e-c41d-4403-97cd-0ce2d1c43884,Relationship Traversal,"#N/A","#N/A","#N/A",Info,Processing element for 'Contact' (contact).,"#N/A",Processing Data Set Element
ad344c91-4720-4349-82aa-bd21458aee86,Creation,"#N/A","#N/A","#N/A",Info,Processing insert of 7 record(s) for 'Contact' (contact).,"#N/A",Processing Record Insertion
ae6e6b10-2446-44f0-89dd-28f15d2c3f26,Creation,"#N/A","#N/A","#N/A",Info,Processing insert of 32 record(s) for 'Account Seeding Data Set 1' (account).,"#N/A",Processing Record Insertion
b166657d-f111-4e0b-8e6e-8fc26af988ea,Request Handler,"#N/A","#N/A","#N/A",Info,Querying and parsing the custom settings from the control org.,"#N/A",Parsing Custom Settings
b3b949eb-594c-48da-9196-35c1cb52455c,Request Handler,"#N/A","#N/A","#N/A",Info,Deployment of the 'Account Seeding Data Set 1' data set is complete.,"#N/A",Data Set Deployment Complete
b5d4d143-9b90-4222-b28d-c98cdf06bf0a,Request Handler,"#N/A","#N/A","#N/A",Info,Receiving a deployment request for data set 'Account Seeding Data Set 1'.,"#N/A",Receiving Data Set Deployment Request
b62befec-4ff3-4a46-9407-e75b40631889,Request Handler,"#N/A","#N/A","#N/A",Info,Starting data set 'Account Seeding Data Set 1' deployment processing.,"#N/A",Starting Data Set Deployment
ca575833-e707-48a3-97a5-9ef36274c03e,Setup,"#N/A","#N/A","#N/A",Info,Retrieving and processing the source and destination org schemas for 'Account Seeding Data Set 1'.,"#N/A",Processing Schemas
cf5cb89a-ae77-46d0-906c-f4202319ff78,Request Handler,"#N/A","#N/A","#N/A",Info,Querying and parsing data set 'Account Seeding Data Set 1' and confirming the governor limits of the deployment.,"#N/A",Parsing Data Set
d6f27fb4-2e80-45be-a41a-6789a817b918,Request Handler,"#N/A","#N/A","#N/A",Info,Starting data set 'Account Seeding Data Set 1' deployment processing.,"#N/A",Starting Data Set Deployment
db660a8b-4b04-4561-95f0-3c224154018c,Request Handler,"#N/A","#N/A","#N/A",Info,Queuing a deployment request for data set 'Account Seeding Data Set 1' for processing.,"#N/A",Queueing Data Set Deployment Request
dd207c6e-2c63-40b9-9b31-cec24a73ddc7,Relationship Traversal,"#N/A","#N/A","#N/A",Info,Processing element for 'Account Seeding Data Set 1' (account).,"#N/A",Processing Data Set Element
e7353324-aef9-4ba3-8368-37ab67b7b41b,Relationship Traversal,"#N/A","#N/A","#N/A",Info,Processing element for 'Account Seeding Data Set 1' (account).,"#N/A",Processing Data Set Element
e7bd8caf-88a9-4975-bbcd-290aedd10d36,Request Handler,"#N/A","#N/A","#N/A",Info,Deployment of the 'Account Seeding Data Set 1' data set is complete.,"#N/A",Data Set Deployment Complete
ea5e31fb-9e53-4a6b-aac8-f6f6ada7a5f7,Creation,"#N/A","#N/A","#N/A",Info,Processing insert of 32 record(s) for 'Account Seeding Data Set 1' (account).,"#N/A",Processing Record Insertion
fcb8669d-b353-44b0-be53-a6bdcc0b973a,Query,"#N/A","#N/A","#N/A",Info,Querying records from 'Account Seeding Data Set 1' (account) in the source org with no query filter and no record limit.,"#N/A",Querying Root Records
